registration_number,citation_count,application_number,title,source,status,error,fetched_at
10-2932891,0,10-2024-0115774,상품 트렌드 예측을 반영한 강화학습 모델을 적용한 자산배분 시스템 및 방법,kipris_citing_service,ok,,2026-06-11T17:38:41
10-2925867,0,10-2023-0137369,블록체인 합의 과정에서의 서명 검증 방법 및 시스템,kipris_citing_service,ok,,2026-06-11T17:38:42
10-2917467,0,10-2023-0012295,설비 제어 프로그램에서의 시나리오 배포 방법,kipris_citing_service,ok,,2026-06-11T17:38:42
10-2915195,1,10-2023-0012300,설비 제어 프로그램에서 캐시 메모리 기반의 메시지 처리 방법,kipris_citing_service,ok,,2026-06-11T17:38:42
10-2914590,1,10-2023-0093778,무인운반차의 얼라인 시스템,kipris_citing_service,ok,,2026-06-11T17:38:43
10-2910717,3,10-2022-0144207,작업 현장에서의 위험성 평가 회의 및 작업 허가 절차를 통한 안전관리 시스템 및 방법,kipris_citing_service,ok,,2026-06-11T17:38:43
10-2893083,0,10-2022-0180291,메시지 지향 미들웨어에서의 토폴로지 기반 시스템 상태 및 병목 구간 모니터링 방법 및 시스템,kipris_citing_service,ok,,2026-06-11T17:38:43
10-2893065,0,10-2022-0144193,안전 점수 기반 근로자 정보 관리 시스템 및 방법,kipris_citing_service,ok,,2026-06-11T17:38:43
10-2893064,0,10-2022-0134195,STT엔진 및 NLP를 활용한 오디오북 낭독 오류 자동 검출 시스템 및 방법,kipris_citing_service,ok,,2026-06-11T17:38:43
10-2886381,0,10-2023-0089527,CMP Pad의 물류 관리 시스템,kipris_citing_service,ok,,2026-06-11T17:38:44
10-2881532,0,10-2023-0089519,CMP Pad의 자동 적재 시스템,kipris_citing_service,ok,,2026-06-11T17:38:44
10-2871512,0,10-2023-0037961,이미지 태깅 기반의 반려동물 사진 분류 방법 및 시스템,kipris_citing_service,ok,,2026-06-11T17:38:44
10-2866646,0,10-2022-0180301,메시지 지향 미들웨어에서의 전송 실패한 메시지에 대한 이력 추적 및 사후 재전송이 가능한 메시지 전송 방법 및 시스템,kipris_citing_service,ok,,2026-06-11T17:38:44
"12,417,849",0,"18/020,829","Method for Identifying Association between Disease-related Factors from Document Data, and System Constructed Using Same",kipris_citing_service,ok,,2026-06-11T17:38:45
10-2846340,1,10-2022-0144212,현장 근로자의 참여가 가능한 안전점검 시스템 및 방법,kipris_citing_service,ok,,2026-06-11T17:38:45
10-2839200,0,10-2022-0158313,무인반송차량을 이용한 독성 물질의 운송 시스템 및 방법,kipris_citing_service,ok,,2026-06-11T17:38:45
10-2839217,3,10-2022-0088684,반도체 소재 개발 관련 후보물질 물성예측 시스템 및 방법,kipris_citing_service,ok,,2026-06-11T17:38:45
10-2828428,0,10-2021-0158983,보이스 스타일 분석 및 품질 자동 검수 기능을 제공하는 오디오북 제작 시스템 및 방법,kipris_citing_service,ok,,2026-06-11T17:38:46
10-2815706,0,10-2022-0144214,작업 현장에서의 구조 요청 서비스 지원 방법 및 시스템,kipris_citing_service,ok,,2026-06-11T17:38:46
10-2815497,6,10-2022-0070827,ESG 경영관리 플랫폼 운영 시스템 및 방법,kipris_citing_service,ok,,2026-06-11T17:38:46
10-2789057,0,10-2022-0144203,안전 점수 기반 근로자 구인 공고 시스템 및 방법,kipris_citing_service,ok,,2026-06-11T17:38:46
10-2782689,0,10-2023-0089517,CMP Pad의 자동 건조 시스템,kipris_citing_service,ok,,2026-06-11T17:38:46
10-2762042,0,10-2022-0150099,NF3 가스 생산 설비 내 이물질 제거 시스템 및 방법,kipris_citing_service,ok,,2026-06-11T17:38:47
10-2762038,0,10-2022-0150081,NF3 가스 생산 설비의 정비 자동화 시스템 및 방법,kipris_citing_service,ok,,2026-06-11T17:38:47
10-2759752,1,10-2021-0173638,이동식 다중 3D 마커 및 이를 이용한 증강현실 기반 현장 정합성 검측 시스템,kipris_citing_service,ok,,2026-06-11T17:38:47
10-2754746,0,10-2022-0027280,시장 설명 이벤트 추출 방법 및 시스템,kipris_citing_service,ok,,2026-06-11T17:38:47
10-2753842,0,10-2023-0089515,CMP Pad의 레이저 마킹 시스템,kipris_citing_service,ok,,2026-06-11T17:38:48
10-2753879,1,10-2022-0027266,주식 시장 예측을 위한 비정형 데이터 분석 방법 및 시스템,kipris_citing_service,ok,,2026-06-11T17:38:48
10-2743659,6,10-2021-0191287,태양광 및 수소연료전지 하이브리드 발전 시스템 제어 장치 및 방법,kipris_citing_service,ok,,2026-06-11T17:38:48
10-2737902,0,10-2022-0027272,예측 근거를 함께 제시하는 인공지능 모델 기반 금융시장 예측 방법 및 시스템,kipris_citing_service,ok,,2026-06-11T17:38:48
10-2736411,1,10-2022-0027510,인공지능 모델을 활용한 금융시장 데이터 예측 방법 및 시스템,kipris_citing_service,ok,,2026-06-11T17:38:49
10-2727220,0,10-2023-0003811,안정적이고 효율적인 블록체인 서비스를 위한 다중 스마트 컨트랙트 배포 및 운영 시스템,kipris_citing_service,ok,,2026-06-11T17:38:49
10-2713723,1,10-2021-0087601,멀티 자연어 처리 엔진 기반의 챗봇 시나리오 시스템,kipris_citing_service,ok,,2026-06-11T17:38:49
10-2692497,0,10-2022-0027287,인공지능 모델 기반 금융시장 예측 정보 제공 방법 및 시스템,kipris_citing_service,ok,,2026-06-11T17:38:49
10-2686678,2,10-2022-0027497,이상치 제거를 위한 금융시장 데이터 처리 방법 및 시스템,kipris_citing_service,ok,,2026-06-11T17:38:50
10-2686249,2,10-2021-0160244,모델 서버 스케일링을 제어하는 AI 모델 운영 장치 및 방법,kipris_citing_service,ok,,2026-06-11T17:38:50
"12,032,469",0,"17/420,237",EXPLAINABLE ARTIFICIAL INTELLIGENCE MODELING AND SIMULATION SYSTEM AND METHOD,kipris_citing_service,ok,,2026-06-11T17:38:50
10-2663094,0,10-2021-0160178,단일 엔드포인트를 이용한 AI 모델 운영 장치 및 방법,kipris_citing_service,ok,,2026-06-11T17:38:50
10-2643048,4,10-2022-0049064,네트워크 이중화 전자 패치 장치,kipris_citing_service,ok,,2026-06-11T17:38:51
10-2634331,0,10-2021-0179684,이동경로 분석을 위한 통신데이터의 효과적인 정보추출 방법,kipris_citing_service,ok,,2026-06-11T17:38:51
10-2622170,2,10-2021-0153158,AI 모델 서빙 시스템 및 방법,kipris_citing_service,ok,,2026-06-11T17:38:51
10-2614043,0,10-2022-0124849,맞춤형 업무 프로세스 진행을 위한 웹 문서 매칭형 워크 플로우 관리 방법 및 시스템,kipris_citing_service,ok,,2026-06-11T17:38:51
"11,782,432",0,"16/622,097",METHOD AND SYSTEM FOR CONTROLLING LOT RISK SCORE BASED DYNAMIC LOT MEASUREMENT ON BASIS OF EQUIPMENT RELIABILITY INDEX,kipris_citing_service,ok,,2026-06-11T17:38:52
10-2581936,1,10-2022-0124840,드래그 앤 드롭 입력 방식을 적용하여 웹 문서를 생성하는 방법 및 시스템,kipris_citing_service,ok,,2026-06-11T17:38:52
10-2581823,0,10-2021-0131424,한글로 표현된 숫자 표현 추출 방법 및 시스템,kipris_citing_service,ok,,2026-06-11T17:38:52
10-2572130,2,10-2022-0124850,문서 이미지에서 문서 양식을 추출하는 방법 및 시스템,kipris_citing_service,ok,,2026-06-11T17:38:52
10-2555809,2,10-2022-0124832,문서 양식을 웹폼으로 변환하는 방법 및 시스템,kipris_citing_service,ok,,2026-06-11T17:38:53
5782,0,P6001166/2017,طريقة ونظام لتحديد موقف معقد وفقا للتدفق الزمني للأحداث التي تحدث في كل جهاز,kipris_citing_service,ok,,2026-06-11T17:38:53
CN 110770661 B,0,201880038342.9,用于基于设备可靠性指数控制基于批次风险分数的动态批次测量的方法和系统,kipris_citing_service,ok,,2026-06-11T17:38:53
10-2476492,8,10-2020-0042790,딥러닝 기반 문서 요약 생성 방법 및 시스템,kipris_citing_service,ok,,2026-06-11T17:38:53
"11,494,636",0,"16/347,985",MACHINE LEARNING-BASED SEMICONDUCTOR MANUFACTURING YIELD PREDICTION SYSTEM AND METHOD,kipris_citing_service,ok,,2026-06-11T17:38:54
"11,483,303",0,"16/638,959",BLOCKCHAIN-BASED ONE ID SERVICE SYSTEM AND METHOD,kipris_citing_service,ok,,2026-06-11T17:38:54
109891454,0,201780067437.9,用于感测工艺/设备测量数据的细小变化的方法和系统,kipris_citing_service,ok,,2026-06-11T17:38:54
10-2448332,0,10-2021-0050836,블록체인 기반 가명정보 유통에 따른 수익분배 방법 및 시스템,kipris_citing_service,ok,,2026-06-11T17:38:54
10-2428601,6,10-2020-0108235,블록체인 플랫폼 기반의 콘텐츠 암호키를 이용한 디지털 콘텐츠 거래 방법,kipris_citing_service,ok,,2026-06-11T17:38:54
10-2428613,9,10-2020-0010192,디지털 안전보건환경 산업 특화용 이미지 학습 모델을 이용한 안전관리 방법 및 시스템,kipris_citing_service,ok,,2026-06-11T17:38:55
10-2383492,6,10-2020-0049324,블록체인 상의 스마트 계약을 이용한 사용자 키 관리 방법,kipris_citing_service,ok,,2026-06-11T17:38:55
10-2372556,1,10-2020-0108998,모바일 원격제어 기술 기반의 모바일 서비스 관제 방법 및 시스템,kipris_citing_service,ok,,2026-06-11T17:38:55
6947850,0,2019-565924,装備信頼指数に基づいたロット（Ｌｏｔ）リスクスコア基盤の動的ロット計測制御方法及びシステム,kipris_citing_service,ok,,2026-06-11T17:38:55
10-2270064,0,10-2019-0107378,함체 내에 패키지화된 데이터 수집 전송 장치,kipris_citing_service,ok,,2026-06-11T17:38:56
"11,016,467",0,"16/328,778",METHOD AND SYSTEM FOR SENSING FINE CHANGES IN PROCESSING/EQUIPMENT MEASUREMENT DATA,kipris_citing_service,ok,,2026-06-11T17:38:56
10-2234217,0,10-2019-0142501,AR 기반의 비계 검증 방법 및 시스템,kipris_citing_service,ok,,2026-06-11T17:38:56
10-2233464,3,10-2020-0176766,문서 데이터에서 질병 관련 인자들 간의 관계를 추출하는 방법 및 이를 이용하여 구축되는 시스템,kipris_citing_service,ok,,2026-06-11T17:38:56
10-2212093,8,10-2019-0001092,인공지능 대화형 홈쇼핑（T Commerce） 전화 주문 시스템,kipris_citing_service,ok,,2026-06-11T17:38:57
10-2192655,5,10-2018-0161591,가스 감지기의 센서 검정 방법,kipris_citing_service,ok,,2026-06-11T17:38:57
10-2191016,0,10-2018-0155800,사용자 ID와 로그인 일자를 기준으로 한 프로그램 다운로드 및 설치 방법,kipris_citing_service,ok,,2026-06-11T17:38:57
10-2170206,11,10-2018-0170165,키워드와 관계 정보 이용한 정보 검색 시스템 및 방법,kipris_citing_service,ok,,2026-06-11T17:38:57
6757846,0,2019-505448,装備の計測データの微細変動検知方法及びシステム,kipris_citing_service,ok,,2026-06-11T17:38:58
10-2142205,20,10-2019-0000998,설명 가능한 인공지능 모델링 및 시뮬레이션 시스템 및 방법,kipris_citing_service,ok,,2026-06-11T17:38:58
10-2123754,10,10-2019-0001099,블록체인 코인 기반의 상품권 서비스 시스템 및 방법,kipris_citing_service,ok,,2026-06-11T17:38:58
"10,657,384",0,"15/550,596",METHOD AND SYSTEM FOR DETERMINING COMPLEX SITUATION ACCORDING TO TIME FLOW OF EVENTS OCCURRING IN EACH DEVICE,kipris_citing_service,ok,,2026-06-11T17:38:59
10-2044068,2,10-2017-0125840,모바일 단말 원격제어 시스템을 활용한 IoT 서비스 애플리케이션 테스트 방법 및 시스템,kipris_citing_service,ok,,2026-06-11T17:38:59
10-2042318,7,10-2017-0168335,스마트 팩토리 레이아웃 설계 방법 및 시스템,kipris_citing_service,ok,,2026-06-11T17:38:59
10-2036956,4,10-2016-0102112,계측-수율 상관성 분석 방법 및 시스템,kipris_citing_service,ok,,2026-06-11T17:38:59
"10,437,947",0,"15/704,064",METHOD AND SYSTEM FOR PROVIDING VIRTUAL SEMICONDUCTOR PRODUCT REPLICATING REAL SEMICONDUCTOR PRODUCT,kipris_citing_service,ok,,2026-06-11T17:39:00
10-2015700,6,10-2017-0106439,블록체인 기반 one ID 서비스 시스템 및 방법,kipris_citing_service,ok,,2026-06-11T17:39:00
I669767,0,106132082,提供複製實際半導體產品的虛擬半導體產品的方法和系統,kipris_citing_service,ok,,2026-06-11T17:39:00
10-2003616,0,10-2017-0168360,스마트 팩토리 레이아웃 효율성 평가 방법 및 시스템,kipris_citing_service,ok,,2026-06-11T17:39:00
10-1995112,0,10-2017-0074579,장비신뢰지수에 기초한 Lot 리스크 스코어 기반의 동적 Lot 계측 제어방법 및 시스템,kipris_citing_service,ok,,2026-06-11T17:39:00
10-1959627,10,10-2017-0073022,실제 반도체 제조물을 복제한 가상 반도체 제조물 제공 방법 및 시스템,kipris_citing_service,ok,,2026-06-11T17:39:01
10-1959619,3,10-2017-0024064,반도체 결함 시각화 방법 및 시스템,kipris_citing_service,ok,,2026-06-11T17:39:01
10-1953947,0,10-2015-0166143,모바일 단말 원격 제어 시스템을 활용한 고객 상담 방법 및 시스템,kipris_citing_service,ok,,2026-06-11T17:39:01
10-1866033,0,10-2016-0084648,웹 브라우저에서의 그리드 렌더링 방법 및 이를 적용한 컴퓨터 시스템,kipris_citing_service,ok,,2026-06-11T17:39:01
10-1862919,0,10-2016-0061883,IT 서비스 구축 사업의 리스크 관리 방법 및 시스템,kipris_citing_service,ok,,2026-06-11T17:39:02
10-1835143,7,10-2011-0030386,병렬 처리 기반의 지형모델 생성 방법과 시스템,kipris_citing_service,ok,,2026-06-11T17:39:02
10-1823420,2,10-2016-0110422,공정/장비 계측 데이터의 미세 변동 감지 방법 및 시스템,kipris_citing_service,ok,,2026-06-11T17:39:02
10-1803085,1,10-2011-0030388,병렬 처리 기반의 디지털 표면 모델 생성 방법과 그 시스템,kipris_citing_service,ok,,2026-06-11T17:39:02
10-1795556,5,10-2015-0167062,얼굴 인식과 얼굴 모션 패턴 인식을 통한 개인 인증 방법 및 장치,kipris_citing_service,ok,,2026-06-11T17:39:03
10-1795547,2,10-2011-0030393,디지털 고도모델 생성방법 및 장치,kipris_citing_service,ok,,2026-06-11T17:39:03
10-1791021,4,10-2015-0130140,임계값 자동 설정에 의한 시스템 자동 모니터링 방법 및 이를 적용한 모니터링 시스템,kipris_citing_service,ok,,2026-06-11T17:39:03
10-1784105,5,10-2016-0074452,AB 테스팅 기반 서비스 제공 방법 및 시스템,kipris_citing_service,ok,,2026-06-11T17:39:03
10-1766983,0,10-2015-0190789,이동 통신사 데이터 서비스를 활용한 마케팅 방법 및 마케팅 지원 시스템,kipris_citing_service,ok,,2026-06-11T17:39:04
10-1763043,3,10-2015-0189563,IT 서비스 구축 사업의 공수 추정 방법 및 시스템,kipris_citing_service,ok,,2026-06-11T17:39:04
10-1757558,2,10-2015-0179958,IT 서비스 건전성 자동 진단 방법 및 시스템,kipris_citing_service,ok,,2026-06-11T17:39:04
10-1757529,2,10-2015-0057153,모바일 비콘과 모바일 애플리케이션을 활용한 위치 추적 방법 및 시스템,kipris_citing_service,ok,,2026-06-11T17:39:04
10-1755687,4,10-2011-0030390,촬영화상의 카메라 자세 추정 시스템 및 방법,kipris_citing_service,ok,,2026-06-11T17:39:05
10-1751175,4,10-2016-0027584,"온라인 신분증 확인, 안면 인증 및 음성 인증을 활용한 생체정보 등록 방법 및 시스템",kipris_citing_service,ok,,2026-06-11T17:39:05
10-1738770,1,10-2015-0130138,엔터프라이즈 비즈니스 서비스 레벨의 통합 모니터링 방법 및 시스템,kipris_citing_service,ok,,2026-06-11T17:39:05
10-1718232,0,10-2015-0122622,모바일 단말 원격 제어 시스템을 활용한 로밍 서비스 테스트 방법 및 시스템,kipris_citing_service,ok,,2026-06-11T17:39:05
10-1701676,2,10-2016-0078522,목소리 특징 정보를 이용한 본인 인증 의뢰 및 대행 방법,kipris_citing_service,ok,,2026-06-11T17:39:06
10-1700525,0,10-2015-0122619,모바일 단말 원격 체험 시스템을 활용한 온라인 모바일 단말 판매 방법 및 시스템,kipris_citing_service,ok,,2026-06-11T17:39:06
10-1698265,0,10-2015-0035890,장비별 발생 이벤트의 시간 흐름에 따른 복합 상황 판단 방법 및 시스템,kipris_citing_service,ok,,2026-06-11T17:39:06
10-1696558,3,10-2015-0170554,증강현실형 HMD를 활용한 독서/학습 보조 시스템 및 방법,kipris_citing_service,ok,,2026-06-11T17:39:06
10-1653501,1,10-2015-0121524,모바일 단말 원격 제어 시스템을 활용한 온라인 교육/회의 방법 및 시스템,kipris_citing_service,ok,,2026-06-11T17:39:06
10-1573349,20,10-2014-0030229,현재 도로 상황과 과거 이동 정보에 기반한 배송 계획 수립 방법 및 시스템,kipris_citing_service,ok,,2026-06-11T17:39:07
10-1573354,1,10-2012-0117312,서버실의 서버 랙 냉각 효율을 향상시키기 위한 냉각보조장치,kipris_citing_service,ok,,2026-06-11T17:39:07
10-1531211,7,10-2013-0100045,사내 지식의 지적 자산화를 위한 직무발명 신고 관리방법 및 시스템,kipris_citing_service,ok,,2026-06-11T17:39:07
10-1524699,0,10-2013-0158254,모바일 기기의 미사용 시간에 근거한 사용자 모니터링 방법,kipris_citing_service,ok,,2026-06-11T17:39:07
10-1509877,3,10-2013-0006521,이미지로부터 생성한 워터마크를 이미지에 삽입하는 기법에 의한 워터마킹 방법 및 장치,kipris_citing_service,ok,,2026-06-11T17:39:08
10-1481868,1,10-2012-0135948,산업단지 클라우드 서비스 시스템 및 방법,kipris_citing_service,ok,,2026-06-11T17:39:08
10-1478791,35,10-2012-0135175,전력 관리 방법 및 시스템,kipris_citing_service,ok,,2026-06-11T17:39:08
10-1478412,1,10-2012-0145945,온라인／오프라인 하이브리드 모바일 게임 시스템 및 방법,kipris_citing_service,ok,,2026-06-11T17:39:08
10-1460183,2,10-2012-0143698,신뢰성 있는 메시지 서비스 시스템 및 방법,kipris_citing_service,ok,,2026-06-11T17:39:09
10-1450116,2,10-2012-0135192,브로드캐스팅을 이용한 시분할 방식의 배터리 관리 시스템 및 방법,kipris_citing_service,ok,,2026-06-11T17:39:09
10-1430134,7,10-2012-0136202,배터리 관리 방법 및 시스템,kipris_citing_service,ok,,2026-06-11T17:39:09
10-1420006,4,10-2012-0086245,분산처리 기반 카메라 영상 서비스 시스템 및 방법,kipris_citing_service,ok,,2026-06-11T17:39:09
10-1416798,34,10-2012-0135182,계층적 구조를 가지는 배터리 관리 시스템 및 방법,kipris_citing_service,ok,,2026-06-11T17:39:10
10-1416816,4,10-2012-0136211,절연 저항 측정 장치 및 그 방법,kipris_citing_service,ok,,2026-06-11T17:39:10
10-1416799,3,10-2012-0135408,마스터부와 슬레이브부를 단일 보드화한 배터리 관리 시스템,kipris_citing_service,ok,,2026-06-11T17:39:10
10-1411039,3,10-2012-0012421,음성인식을 이용한 발음 평가 방법 및 이를 적용한 전자기기,kipris_citing_service,ok,,2026-06-11T17:39:10
10-1402410,0,10-2012-0122386,전화통화 연결 전 수신자에 Ｉｎｔｅｒａｃｔｉｖｅ Ｉｍａｇｅ 제공방법 및 이를 적용한 모바일 전화기,kipris_citing_service,ok,,2026-06-11T17:39:11
10-1402422,3,10-2012-0119022,항온항습 장치용 실외기 및 이를 적용한 항온항습 시스템,kipris_citing_service,ok,,2026-06-11T17:39:11
10-1402428,0,10-2012-0088339,상품／서비스 관련 커뮤니케이션 시스템 및 방법,kipris_citing_service,ok,,2026-06-11T17:39:11
10-1396013,2,10-2012-0075563,인지형 소셜 네트워크 구축 방법 및 서버,kipris_citing_service,ok,,2026-06-11T17:39:11
10-1396047,0,10-2012-0040840,정규표현식을 이용한 작업스케쥴링 방법 및 이를 적용한 전자기기,kipris_citing_service,ok,,2026-06-11T17:39:12
10-1390083,0,10-2011-0125028,포인터 이동을 기반으로 그래픽 버튼을 선택하는 사용자 인터페이스 방법 및 이를 적용한 전자장치,kipris_citing_service,ok,,2026-06-11T17:39:12
10-1383953,7,10-2012-0081133,위치／시간 기반의 자동 신변 보호 방법 및 시스템,kipris_citing_service,ok,,2026-06-11T17:39:12
10-1372099,2,10-2012-0115263,멀티미디어 컨텐츠 공간 배치 시스템 및 방법,kipris_citing_service,ok,,2026-06-11T17:39:12
10-1369563,2,10-2012-0054739,"멀티 통신채널, 멀티 디바이스 및 멀티 난수에 의한 멀티 인증 시스템 및 방법",kipris_citing_service,ok,,2026-06-11T17:39:12
10-1369029,1,10-2012-0085125,게이트웨이 무선 검색 방법 및 시스템,kipris_citing_service,ok,,2026-06-11T17:39:13
10-1368561,0,10-2012-0063157,회전과 애니메이션 갭의 조합에 의한 ＧＵＩ 전환 방법 및 이를 적용한 전자기기,kipris_citing_service,ok,,2026-06-11T17:39:13
10-1361256,0,10-2012-0063158,데이터 시트에서의 데이터 검색용 ＧＵＩ 제공 방법 이를 적용한 전자기기,kipris_citing_service,ok,,2026-06-11T17:39:13
10-1361421,0,10-2011-0135240,네트워크 상의 정보주소관리방법 및 장치,kipris_citing_service,ok,,2026-06-11T17:39:13
10-1357394,10,10-2012-0096748,전력 관리 방법 및 시스템,kipris_citing_service,ok,,2026-06-11T17:39:14
10-1357367,1,10-2011-0109867,ＳＥ를 이용한 인증정보 관리방법 및 시스템,kipris_citing_service,ok,,2026-06-11T17:39:14
10-1335206,1,10-2011-0094243,원격 검침 시스템 및 그의 펌웨어 업데이트 방법,kipris_citing_service,ok,,2026-06-11T17:39:14
10-1326451,4,10-2012-0012424,복합 장애 조건을 이용하여 시스템 장애를 판단하는 시스템 장애 모니터링 방법 및 서버,kipris_citing_service,ok,,2026-06-11T17:39:14
10-1319791,0,10-2012-0114244,어드레스 범위 통합 기법을 이용한 라우팅 테이블 생성방법 및 이를 적용한 네트워크 장치,kipris_citing_service,ok,,2026-06-11T17:39:15
10-1314432,5,10-2011-0109696,ＳＥ를 탑재한 모바일 단말기를 이용한 네트워크 제어방법 및 시스템,kipris_citing_service,ok,,2026-06-11T17:39:15
10-1312177,4,10-2012-0044492,에너지 저장장치용 충방전 전력변환장치 및 그 제어방법,kipris_citing_service,ok,,2026-06-11T17:39:15
10-1306409,1,10-2012-0018947,전자 봉인 장치 및 방법,kipris_citing_service,ok,,2026-06-11T17:39:15
10-1306513,2,10-2012-0018945,전자 봉인에 의한 시설물 개폐 모니터링 방법 및 시스템,kipris_citing_service,ok,,2026-06-11T17:39:16
10-1302507,43,10-2011-0033494,ＳＮＳ를 이용한 마케팅 서비스 방법 및 장치,kipris_citing_service,ok,,2026-06-11T17:39:16
10-1297271,36,10-2011-0033493,소셜 네트워크 분석 서비스 방법 및 장치,kipris_citing_service,ok,,2026-06-11T17:39:16
10-1293854,5,10-2011-0109866,시설 이용 허가를 위한 사용자 인증 방법 및 시스템,kipris_citing_service,ok,,2026-06-11T17:39:16
10-1293374,1,10-2012-0068132,모바일 환경에서 안전한 관리 권한 획득 방법 및 이를 적용한 시스템,kipris_citing_service,ok,,2026-06-11T17:39:17
10-1282477,1,10-2011-0100073,데이터 변조 방법 및 시스템,kipris_citing_service,ok,,2026-06-11T17:39:17
10-1279721,7,10-2011-0111986,증강현실에서 컨텐츠 제공방법 및 이를 적용한 전자장치,kipris_citing_service,ok,,2026-06-11T17:39:17
10-1270374,1,10-2011-0111243,무선기기 측위 방법 및 시스템,kipris_citing_service,ok,,2026-06-11T17:39:17
10-1261894,0,10-2011-0072477,ＣＢＡＣ 시스템 및 방법,kipris_citing_service,ok,,2026-06-11T17:39:18
10-1261156,1,10-2011-0072473,비밀키 생성방법 및 이를 적용한 전자장치,kipris_citing_service,ok,,2026-06-11T17:39:18
10-1189967,0,10-2011-0064515,시스템 자동감사방법 및 이를 적용한 자동 감사 시스템,kipris_citing_service,ok,,2026-06-11T17:39:18
10-1165267,10,10-2010-0120712,열차 제어 데이터 무선 통신 시스템,kipris_citing_service,ok,,2026-06-11T17:39:18
10-1160657,5,10-2011-0103232,유조차 관리 시스템,kipris_citing_service,ok,,2026-06-11T17:39:18
10-1120037,2,10-2010-0019417,차량 네비게이션에서의 심볼 정보 표시 방법 및 그 장치,kipris_citing_service,ok,,2026-06-11T17:39:19
10-1098864,1,10-2009-0112759,차량 네비게이션의 혼잡 도로 안내 방법 및 그 장치,kipris_citing_service,ok,,2026-06-11T17:39:19
10-1089152,3,10-2010-0020464,차량 네비게이션에서의 주유소 정보 제공 방법 및 그 장치,kipris_citing_service,ok,,2026-06-11T17:39:19
10-1083298,4,10-2009-0105795,휴대 단말 기반의 위치정보 서비스 방법 및 그 휴대 단말,kipris_citing_service,ok,,2026-06-11T17:39:19
101275849,0,200710126376.7,导航系统中的交叉路口引导方法,kipris_citing_service,ok,,2026-06-11T17:39:20
101275848,0,200710112054.7,具有相框功能的导航装置及其操作方法,kipris_citing_service,ok,,2026-06-11T17:39:20
10-0989692,4,10-2008-0097491,멀티 파티션을 지원하는 유에스비 저장 장치의 파티션 뷰우제어 방법,kipris_citing_service,ok,,2026-06-11T17:39:20
10-0973418,3,10-2008-0095046,엔에프씨 등시성 데이터 전송을 이용한 엔에프씨 오디오 재생 시스템,kipris_citing_service,ok,,2026-06-11T17:39:20
10-0935304,12,10-2009-0088551,프로젝트 진척관리 시스템 및 그 방법,kipris_citing_service,ok,,2026-06-11T17:39:21
10-0930208,3,10-2009-0088550,프로젝트 생산성 관리 시스템 및 그 방법,kipris_citing_service,ok,,2026-06-11T17:39:21
"7,602,315",0,"11/812,408",NAVIGATION APPARATUS HAVING A PICTURE FRAME FUNCTION AND METHOD FOR OPERATING THE SAME,kipris_citing_service,ok,,2026-06-11T17:39:21
10-0876003,77,10-2007-0015189,생체정보를 이용하는 사용자 인증방법,kipris_citing_service,ok,,2026-06-11T17:39:22
10-0873646,7,10-2006-0102445,3차원 아바타를 이용하는 엔터테인먼트 장치 및 그 사용방법,kipris_citing_service,ok,,2026-06-11T17:39:22
10-0869309,0,10-2007-0080203,이미지 컨텐츠를 활용한 영상 통화 서비스 제공 방법,kipris_citing_service,ok,,2026-06-11T17:39:22
10-0862960,7,10-2007-0015222,ＯＴＰ 인증장치의 다중등록 방법,kipris_citing_service,ok,,2026-06-11T17:39:22
10-0862961,7,10-2007-0004823,아바타 영상을 제공하는 디지털 홈쇼핑 방송 시스템,kipris_citing_service,ok,,2026-06-11T17:39:23
10-0862132,1,10-2007-0037387,자동차 네비게이션용 지도 정보 서비스 방법 및 그 장치,kipris_citing_service,ok,,2026-06-11T17:39:23
10-0862120,3,10-2007-0031226,네비게이션 고속모드 서비스 방법 및 그 시스템,kipris_citing_service,ok,,2026-06-11T17:39:23
10-0862134,17,10-2006-0052946,온라인을 이용한 본인 확인 서비스 시스템 및 방법,kipris_citing_service,ok,,2026-06-11T17:39:24
10-0850740,6,10-2007-0111744,마이크로웨이브 통신을 이용한 열차 통합 운영 시스템 및그 운영 방법,kipris_citing_service,ok,,2026-06-11T17:39:24
10-0850738,1,10-2006-0083478,아바타를 이용한 카드전송서비스방법,kipris_citing_service,ok,,2026-06-11T17:39:24
10-0849236,1,10-2006-0029021,호텔용 고객 숙박 관리 방법,kipris_citing_service,ok,,2026-06-11T17:39:24
10-0827985,1,10-2006-0089973,전자상거래 시스템에서 아바타를 이용한 전자 결제 방법,kipris_citing_service,ok,,2026-06-11T17:39:25
10-0818316,6,10-2006-0070892,아바타를 이용한 패션자문시스템 및 패션자문방법,kipris_citing_service,ok,,2026-06-11T17:39:25
10-0812315,10,10-2007-0111745,대열차 양방향 마이크로웨이브 통신 시스템 및 이를 이용한부가서비스 제공 방법,kipris_citing_service,ok,,2026-06-11T17:39:25
10-0812314,4,10-2006-0091135,인터넷 쇼핑몰에서 아바타를 이용한 사용자 인증 방법,kipris_citing_service,ok,,2026-06-11T17:39:25
10-0801854,9,10-2006-0048644,간접 광고 기법을 이용한 의류 비즈니스 서비스 시스템  및 그 방법,kipris_citing_service,ok,,2026-06-11T17:39:26
10-0800458,9,10-2007-0032277,필기 메시지 전송을 위한 이동통신단말기 및 이를 이용한필기 메시지 전송 방법,kipris_citing_service,ok,,2026-06-11T17:39:26
10-0790755,11,10-2007-0107006,의류 착용 적합성 정보를 제공하는 의류 비즈니스 서비스방법,kipris_citing_service,ok,,2026-06-11T17:39:26
10-0784835,17,10-2006-0104965,아바타를 이용한 체형 관리 서비스 시스템 및 그 방법,kipris_citing_service,ok,,2026-06-11T17:39:26
10-0764636,2,10-2006-0049273,사용자 제작 모바일 패션 앨범 서비스 시스템 및 방법,kipris_citing_service,ok,,2026-06-11T17:39:27
