id,title,organization,type,topic,page_url,direct_download_url,priority,download_status,use_when,evidence
SRC-001,특허로 특허출원가이드,지식재산처/특허로,공식 웹 안내,"출원 전 선행기술조사, 사용자등록, 명세서/서식 작성, 제출, 수수료, 심사청구, 등록료 납부",https://patent.go.kr/smart/jsp/ka/menu/guide/main/GuideMain0207.do,,필수,웹 원문 링크 제공,처음 특허 출원을 준비할 때 전체 절차 확인,"출원서류 작성 순서, 제출서류, 수수료, 출원공개 18개월, 심사청구 3년 등 안내"
SRC-002,특허고객번호부여신청,지식재산처/특허로,공식 온라인 신청 페이지,특허고객번호 발급 및 필요 서류,https://patent.go.kr/smart/jsp/ka/prestep/codeapp/CodeAppView.do,,필수,웹 원문 링크 제공,출원인 번호가 없을 때,출원인은 절차 전 특허고객번호를 사전에 부여받아야 하며 인감/서명 파일 등 필요
SRC-003,인증서 사용등록,지식재산처/특허로,공식 온라인 신청 페이지,공동인증서 등록,https://patent.go.kr/smart/jsp/ka/pki/kipocertmgr/KCertMgrView.do,,필수,웹 원문 링크 제공,전자출원 전 공동인증서 등록이 필요할 때,특허고객번호 발급 후 특허고객/대리인번호로 로그인해 인증서를 등록
SRC-004,수수료정보안내,지식재산처/특허로,공식 웹 안내,"출원료, 심사청구료, 등록료, 감면 대상",https://www.patent.go.kr/smart/jsp/ka/menu/fee/main/FeeMain01.do,,필수,웹 원문 링크 제공,"출원/심사청구/등록 비용 계산, 감면 여부 확인",감면 대상 수수료와 감면율 및 증명서류 안내
SRC-005,특허의 이해,지식재산처,공식 제도 안내,"특허요건, 출원/심사/거절/등록 흐름, 심판",https://www.kipo.go.kr/ko/kpoContentView.do?menuCd=SCD0200111,,필수,웹 원문 링크 제공,특허제도 전체와 거절결정 후 절차를 이해할 때,"특허결정, 설정등록, 거절결정, 거절결정불복심판 등 정의와 흐름 안내"
SRC-006,특허·실용신안 심사기준 2026.03.12,지식재산처,공식 PDF/심사기준,"특허출원, 특허요건, 명세서 보정, 심사절차, 특수출원, 포지티브 심사기준",https://www.kipo.go.kr/ko/kpoContentView.do?menuCd=SCD0200146,https://www.kipo.go.kr/ko/kpoContFileDown.do?fileNum=1&seq=30,필수,직접 다운로드 시도 실패: 원문 다운로드 링크 제공,청구항/명세서가 심사에서 어떻게 판단되는지 확인할 때,2026.03.12 기준 PDF 전문 다운로드 제공
SRC-007,기술분야별 심사실무가이드 2026.03,지식재산처,공식 PDF/심사실무가이드,"AI, IoT, 바이오, 의약, 로봇, 자율주행, 3D 프린팅, 반도체 등 분야별 심사 실무",https://www.kipo.go.kr/ko/kpoContentView.do?menuCd=SCD0200147,https://www.kipo.go.kr/ko/kpoContFileDown.do?fileNum=2&seq=30,권장,직접 다운로드 시도 실패: 원문 다운로드 링크 제공,내 발명이 특정 기술분야에 속할 때 심사 포인트 확인,2026.03 기준 기술분야별 PDF 전문 다운로드 제공
SRC-008,출원방식심사기준,지식재산처,공식 PDF/방식심사기준,"제출 서식, 방식요건, 절차상 흠결 대응",https://www.kipo.go.kr/ko/kpoContentView.do?menuCd=SCD0201119,https://www.kipo.go.kr/ko/kpoContFileDown.do?fileNum=12&seq=30,권장,직접 다운로드 시도 실패: 원문 다운로드 링크 제공,서식·첨부서류·절차 오류를 줄이고 싶을 때,지식재산 심사 기준/매뉴얼 페이지에서 출원방식심사기준 제공
SRC-009,보정안 리뷰,지식재산처,공식 제도 안내,거절이유 대응 전 심사관과 보정안 검토,https://www.kipo.go.kr/ko/kpoContentView.do?menuCd=SCD0200117,,실패/거절 대응 필수,웹 원문 링크 제공,거절이유통지 후 의견서/보정서 제출 전 보정방향을 점검할 때,최종 보정서 제출 전 심사관과 보정안 의견을 교환하는 제도 및 절차 안내
SRC-010,특허심판원 심판수수료/심판 종류,특허심판원/지식재산처,공식 웹 안내,"거절결정불복심판, 보정각하결정불복심판 등 심판 절차 비용",https://www.kipo.go.kr/ipt/iptContentView.do?menuCd=SCD0400083,,실패/거절 대응 필수,웹 원문 링크 제공,거절결정 후 불복심판을 검토할 때,특허·실용신안 거절결정불복심판 및 보정각하결정불복심판 청구료 안내
SRC-011,지식재산권 권리회복 심사 가이드라인,지식재산처,공식 PDF/가이드라인,기간 도과·절차 실패 후 권리회복 가능성 검토,https://www.kipo.go.kr/ko/kpoContentView.do?menuCd=SCD0201119,https://www.kipo.go.kr/ko/kpoContFileDown.do?fileNum=20&seq=30,실패/기한도과 대응,직접 다운로드 시도 실패: 원문 다운로드 링크 제공,심사청구 기간/서류제출 기한 등을 놓쳤을 때 권리회복 가능성을 검토,지식재산권 권리회복 심사 가이드라인 PDF 제공
SRC-012,KIPRIS 특허정보검색서비스,한국특허정보원/지식재산처,공식 검색 서비스,특허·실용신안·상표·디자인·해외특허 검색,https://www.kipris.or.kr/kportal/search/total_search.do,,필수,웹 원문 링크 제공,"출원 전 선행기술, 유사 특허, 인용·피인용·패밀리 정보를 검색할 때","통합검색, 특허·실용신안, 해외특허 등 검색 메뉴와 초보자 가이드 제공"
SRC-013,KIPRIS 검색도움말,한국특허정보원/지식재산처,공식 검색 도움말,"통합검색, 연산자, 결과 내 재검색, 다운로드",https://www.kipris.or.kr/khome/board/help/basic.do,,필수,웹 원문 링크 제공,선행기술검색식을 만들고 결과를 엑셀/텍스트로 내려받을 때,"통합검색 범위, 연산자, 결과 내 재검색, 온라인 다운로드 기능 안내"
SRC-014,CPC 매뉴얼 2020,KIPRIS/한국특허정보원,공식 PDF/분류 매뉴얼,CPC/IPC 분류를 활용한 선행문헌 검색,https://file.kipris.or.kr/abpat_manual/%EB%A7%A4%EB%89%B4%EC%96%BC%28%EA%B5%AD%EB%AC%B8%29.pdf,https://file.kipris.or.kr/abpat_manual/%EB%A7%A4%EB%89%B4%EC%96%BC%28%EA%B5%AD%EB%AC%B8%29.pdf,권장,직접 다운로드 시도 실패: 원문 다운로드 링크 제공,검색 키워드만으로 부족할 때 IPC/CPC 분류 검색을 병행,CPC는 효율적 선행문헌 검색과 다국어 특허문헌 검색에 도움
SRC-015,IP정보 활용 길라잡이,KIPRIS Plus/한국특허정보원,공식 PDF/데이터 활용 안내,"특허정보 활용, 특허맵, 선행기술조사, 특허동향 보고서",https://plus.kipris.or.kr/sampledata/KIPRISPlus%20IP%20Information%20Guide.pdf,https://plus.kipris.or.kr/sampledata/KIPRISPlus%20IP%20Information%20Guide.pdf,권장,직접 다운로드 시도 실패: 원문 다운로드 링크 제공,특허 데이터를 분석/보고서/특허맵 형태로 활용할 때,"IP 분석·평가 시스템을 통한 특허맵, 선행기술조사, 특허 동향 보고서 안내"
SRC-016,2026 지식재산권의 손쉬운 이용,지식재산처,공식 책자/PDF,"출원 전 검색, 출원 따라하기, 심사, 등록, 심판, 수수료, 서식 예제",https://www.kipo.go.kr/ko/kpoBultnDetail.do?aprchId=BUT0000048&keyword=&menuCd=SCD0200640&ntatcSeq=17056&pageIndex=&searchCondition=&sysCd=SCD02,https://www.kipo.go.kr/ko/kpoBultnFileDown.do?aprchId=BUT0000048&ntatcAtflSeq=1&ntatcSeq=17056&sysCd=SCD02,필수 책자,직접 다운로드 시도 실패: 원문 다운로드 링크 제공,책자 형태로 전체 절차와 서식 예제를 보고 싶을 때,"제2장에 선행기술 정보검색, 출원 따라하기, 심사, 등록, 심판, 수수료가 포함"
SRC-017,CEO·연구자를 위한 특허출원 전략,지식재산처,공식 자료/PDF,"선행기술조사, 청구범위 작성, 우선심사/심사유예, 해외특허 확보 전략",https://www.kipo.go.kr/ko/kpoBultnDetail.do?aprchId=BUT0000029&menuCd=SCD0200618&ntatcSeq=20755&sysCd=SCD02,https://www.kipo.go.kr/ko/kpoBultnFileDown.do?aprchId=BUT0000029&ntatcAtflSeq=2&ntatcSeq=20755&sysCd=SCD02,전략 필수,직접 다운로드 시도 실패: 원문 다운로드 링크 제공,사업화/연구성과를 강한 특허로 만드는 전략을 짤 때,"특허 가능성 검토, 청구범위 작성, 제도 활용, 해외특허 확보 전략 안내"
SRC-018,주요 발행물 목록,지식재산처,공식 발행물 목록,"BM 특허 길라잡이, 지식재산권 손쉬운 이용, 전략적 조사·분석 가이드라인 등 최신 PDF 목록",https://www.kipo.go.kr/ko/issue/kpoIssuePgmMgmt.do?menuCd=SCD0200658&parntMenuCd2=SCD0200281,,권장,웹 원문 링크 제공,최신 책자/가이드북을 추가로 찾을 때,총 97건의 주요 발행물과 2026/2025년 PDF 첨부파일 목록 제공
SRC-019,BM 특허 길라잡이,지식재산처,공식 책자/PDF,"BM 특허 출원 전 선행기술조사, 심사청구, 실체심사, 명세서 작성 및 거절이유 대응",https://www.kipo.go.kr/ko/kpoBultnDetail.do?aprchId=BUT0000048&menuCd=SCD0200640&ntatcSeq=16423&sysCd=SCD02,https://www.kipo.go.kr/ko/kpoBultnFileDown.do?aprchId=BUT0000048&ntatcAtflSeq=1&ntatcSeq=16423&sysCd=SCD02,BM/소프트웨어 권장,직접 다운로드 시도 실패: 원문 다운로드 링크 제공,"플랫폼, 서비스, 소프트웨어, 비즈니스 모델 관련 발명","출원 전 선행기술조사, 특허출원, 명세서 작성, 거절이유 대응 목차 제공"
